Name,Lower Bound,Upper Bound,Value,Type,Var
sigma,0.000001,1000000,0.30889436977354107,Log,Random
r,0.01,100,0.9972609269176917,Log,Random
