Name,Lower Bound,Upper Bound,Value,Type,Var
sigma,0.000001,1000000,0.722907104809978,Log,Random
k,0.0001,1,0.002308709457642027,Log,Random
