Time,sp_0,sp_1,sp3,sp4
0,1,1,0,0
6.410459568823605,1,0,0,1
8.17795233830277,0,0,1,1
999.9999900817794,0,0,1,1