Time,OUTPUT
0,0
2406.0591581651265,0
2466.368153875234,1
3599.9999886636815,1