Time,sp_0,sp_1,sp_2,sp_3,sp_4,sp_5,sp_6
0,10,1,0,0,0,0,0
155.2296231074275,10,0,0,0,0,0,0
999.9999915522961,10,0,0,0,0,0,0